"SampleID","Prediction all","Prediction less than 3 months","Prediction greater than 3 months"
"ABC002","negative","negative","negative"
"ABC003","negative","negative","negative"
"ABC004","negative","negative","negative"
"ABC005","negative","negative","negative"
"ABC006","negative","negative","negative"
"ABC007","negative","negative","negative"
"ABC001","positive","negative","negative"
"ABC008","negative","negative","negative"
"ABC009","negative","negative","negative"
"ABC010","negative","negative","negative"
"ABC011","negative","negative","negative"
"ABC012","negative","negative","negative"
"ABC013","negative","negative","negative"
"ABC014","negative","negative","negative"
"ABC015","negative","negative","negative"
"ABC016","negative","negative","negative"
"ABC017","negative","negative","negative"
"ABC018","negative","negative","negative"
"ABC019","negative","negative","negative"
"ABC020","negative","negative","negative"
"ABC021","negative","negative","negative"
"ABC022","negative","negative","negative"
"ABC023","negative","negative","negative"
"ABC024","negative","negative","negative"
"ABC025","negative","negative","negative"
"ABC026","negative","negative","negative"
"ABC027","negative","negative","negative"
"ABC028","negative","negative","negative"
"ABC029","negative","negative","negative"
"ABC030","negative","negative","negative"
"ABC031","negative","negative","negative"
"ABC032","negative","negative","negative"
"ABC033","negative","negative","negative"
"ABC034","negative","negative","negative"
"ABC035","negative","negative","negative"
"ABC036","negative","negative","negative"
"ABC037","negative","negative","negative"
"ABC038","negative","negative","negative"
"ABC039","negative","negative","negative"
"ABC040","negative","negative","negative"
"ABC041","negative","negative","negative"
"ABC042","negative","negative","negative"
"ABC043","negative","negative","negative"
"ABC044","negative","negative","negative"
"ABC045","negative","negative","negative"
"ABC046","negative","negative","negative"
"ABC047","negative","negative","negative"
"ABC048","negative","negative","negative"
"ABC049","negative","negative","negative"
"ABC050","negative","negative","negative"
"ABC051","negative","negative","negative"
"ABC052","negative","negative","negative"
"ABC053","negative","negative","negative"
"ABC054","negative","negative","negative"
"ABC055","negative","negative","negative"
"ABC056","negative","negative","negative"
"ABC057","negative","negative","negative"
"ABC058","negative","negative","negative"
"ABC059","negative","negative","negative"
"ABC060","negative","negative","negative"
"ABC061","negative","negative","negative"
"ABC062","negative","negative","negative"
"ABC063","negative","negative","negative"
"ABC064","negative","negative","negative"
"ABC065","negative","negative","negative"
"ABC066","negative","negative","negative"
"ABC067","negative","negative","negative"
"ABC068","negative","negative","negative"
"ABC069","negative","negative","negative"
"ABC070","negative","negative","negative"
"ABC071","negative","negative","negative"
"ABC072","negative","negative","negative"
"ABC073","negative","negative","negative"
"ABC074","negative","negative","negative"
"ABC075","negative","negative","negative"
"ABC076","negative","negative","negative"
"ABC077","negative","negative","negative"
"ABC078","negative","negative","negative"
"ABC079","negative","negative","negative"
"ABC080","negative","negative","negative"
"ABC081","negative","negative","negative"
"ABC082","negative","negative","negative"
"ABC083","negative","negative","negative"
"ABC084","negative","negative","negative"
